{"13": [0.82, 0.06149999999999999], "63": [NaN, NaN], "7": [0.7999999999999999, 0.11999999999999998], "82": [0.85, 0.1275], "51": [0.8800000000000001, 0.3960000000000001], "21": [1.0, 0.6], "44": [0.9200000000000002, 0.069], "34": [0.7749999999999999, 0.11624999999999998], "97": [0.8800000000000001, 0.264], "76": [1.0, 1.0], "28": [0.85, 0.06375], "58": [0.7999999999999999, 0.05999999999999999], "92": [NaN, NaN], "31": [1.0, 0.15], "41": [0.8714285714285713, 0.1307142857142857], "73": [NaN, NaN], "66": [0.8615384615384615, 1.057812299292821e-12], "16": [0.9, 0.27], "48": [0.85, 3.11279296875e-05], "38": [0.85, 0.255], "24": [0.9, 0.135], "54": [1.0, 0.3], "2": [0.7, 0.42], "87": [0.7999999999999999, 0.4799999999999999], "100": [0.8800000000000001, 0.132], "1": [0.9, 0.03375], "84": [0.7999999999999999, 0.4799999999999999], "79": [NaN, NaN], "27": [0.8666666666666667, 0.13], "57": [1.0, 0.3], "65": [0.9400000000000001, 0.5640000000000001], "98": [1.0, 0.3], "15": [0.76, 0.056999999999999995], "70": [0.8615384615384615, 1.057812299292821e-12], "8": [0.9400000000000001, 0.5640000000000001], "32": [0.85, 0.1275], "42": [1.0, 0.6], "91": [0.85, 0.00796875], "88": [0.6999999999999998, 0.00010253906249999997], "75": [1.0, 1.0], "69": [0.8615384615384615, 1.057812299292821e-12], "94": [0.9400000000000001, 0.5640000000000001], "19": [0.9400000000000001, 0.14100000000000001], "47": [0.85, 0.51], "37": [0.7749999999999999, 0.11624999999999998], "52": [0.85, 0.0002490234375], "22": [1.0, 0.3], "4": [0.82, 6.005859374999999e-05], "81": [0.7999999999999999, 0.4799999999999999], "10": [0.85, 1.0], "60": [0.8800000000000001, 0.264], "55": [1.0, 0.3], "25": [0.925, 0.0346875], "86": [NaN, NaN], "3": [0.7, 0.42], "17": [0.925, 0.069375], "67": [0.8615384615384615, 1.057812299292821e-12], "39": [1.0, 0.3], "49": [1.0, 0.3], "72": [NaN, NaN], "93": [0.9400000000000001, 0.14100000000000001], "40": [1.0, 0.3], "30": [0.85, 0.255], "77": [0.85, 0.023906249999999997], "59": [1.0, 0.3], "29": [0.85, 0.06375], "35": [0.9, 0.0675], "45": [0.8800000000000001, 0.264], "96": [0.9, 0.135], "83": [0.85, 0.1275], "6": [0.7999999999999999, 0.11999999999999998], "20": [0.7999999999999999, 0.23999999999999996], "50": [0.85, 0.255], "62": [NaN, NaN], "12": [0.85, 0.1275], "61": [0.8800000000000001, 0.264], "11": [NaN, NaN], "23": [0.85, 0.51], "53": [0.85, 0.0002490234375], "80": [NaN, NaN], "5": [0.7999999999999999, 0.11999999999999998], "18": [0.9, 0.27], "95": [0.8800000000000001, 0.264], "68": [0.8615384615384615, 1.057812299292821e-12], "36": [0.9833333333333334, 0.22125], "46": [0.7999999999999999, 0.9599999999999999], "74": [NaN, NaN], "89": [0.6999999999999998, 0.00010253906249999997], "43": [0.7999999999999999, 0.11999999999999998], "33": [0.9500000000000001, 0.21375], "90": [0.85, 0.00796875], "9": [0.85, 0.1275], "71": [0.8615384615384615, 1.057812299292821e-12], "14": [0.76, 0.056999999999999995], "99": [0.9, 0.27], "64": [0.85, 1.0], "78": [NaN, NaN], "85": [NaN, NaN], "0": [1.0, 0.15], "101": [0.9400000000000001, 0.5640000000000001], "56": [1.0, 0.3], "26": [0.9, 0.27]}
